setup,n,wins,losses,neutral,win_rate_pct,avg_pnl_pct
MOVER_TREND_PULLBACK,1424,475,568,381,33.4,0.308
FAILED_AUCTION_RECLAIM,288,66,100,122,22.9,0.2025
QUIET_COMPRESSION_BREAK,206,53,97,56,25.7,0.0539
SR_FLIP_RETEST,200,54,74,72,27.0,0.049
MOVER_AVWAP_SCALP,191,49,89,53,25.7,-0.1579
LIQUIDITY_SWEEP_REVERSAL,124,25,59,40,20.2,-0.1625
DIVERGENCE_CONTINUATION,121,39,56,26,32.2,0.0758
BREAKDOWN_SHORT,53,14,23,16,26.4,0.6864
VOLUME_SURGE_BREAKOUT,30,3,17,10,10.0,-0.4475
TREND_PULLBACK_EMA,27,5,8,14,18.5,0.0808
MEAN_REVERT,20,8,4,8,40.0,0.4605
FUNDING_EXTREME_SIGNAL,10,4,5,1,40.0,0.6001
MA_CROSS_TREND_SHIFT,5,2,3,0,40.0,1.0048
WHALE_MOMENTUM,2,0,1,1,0.0,-1.1875
POST_DISPLACEMENT_CONTINUATION,1,0,0,1,0.0,0.2151
RANGE_FADE,1,1,0,0,100.0,1.5669
